role_bucket,job_postings,resume_count,supply_demand_ratio,demand_supply_gap
Data & Analytics,1784.0,21,0.011771300448430493,1763.0
DevOps & Cloud,842.0,14,0.0166270783847981,828.0
IT Support,524.0,12,0.022900763358778626,512.0
Mobile Development,232.0,16,0.06896551724137931,216.0
Other IT,0.0,7,,-7.0
Quality Assurance,828.0,11,0.013285024154589372,817.0
Security,479.0,9,0.018789144050104383,470.0
Software Engineering,4344.0,30,0.006906077348066298,4314.0
